customer_code,station_name,city,district,division,province,location,lat,lng,total_dus
102326,CHEEMA P/S,BAHAWALPUR,BAHAWALNAGAR,BWP,PUNJAB,IN KM NO.5 ON BAHAWALPYAZMAN ROAD AT CHAK NOA/BC B,29.3608311,71.6943388,5
119419,NAWAB P/S,SADIQABAD,BAHAWALPUR,BWP,PUNJAB,TEHSIL SADIQ ABAD KLP ROAD (N-5) AT MAUZA UMAID ALI BHAIT RAHIM YAR KHAN,28.37159,70.16746,4
116354,AHMED PETROLEUM SERVICE,RAHIM YAR KHAN,RAHIM YAR KHAN,BWP,PUNJAB,FATHPURDISTT RAHIMYARKHAN,28.51134,70.24207,3
118386,INDUS PETROLEUM SERVICE,RAHIMYARKHAN II,RAHIM YAR KHAN,BWP,PUNJAB,SHAHBAZ PUR ROAD FACTORY AREA RAHIM YAR KHAN,28.42379,70.28914,3
114425,IQBAL P/S,RAHIM YAR KHAN,RAHIM YAR KHAN,BWP,PUNJAB,ON AIRPORT ROAD RAHIM-YAR KHAN CITYR.Y.KHAN,28.41419,70.30221,4
118283,RAHMAN PETROLEUM SERVICE,RAHIMYARKHAN II,RAHIM YAR KHAN,BWP,PUNJAB,KHAN PUR ROAD RAHIM YAR KHAN,28.42902,70.32949,4
118225,FAHEEM P/S,RAHIM YAR KHAN,RAHIM YAR KHAN,BWP,PUNJAB,SARDARGARH KLP ROAD RAHIM YAR KHAN,28.71353,70.43881,5
119725,EMARATS PETROLEUM SERVICE,RAHIM YAR KHAN,RAHIM YAR KHAN,BWP,PUNJAB,SHEIKH ZAID AT CHAK NO.55/P B/W KM 18-19 OF SHAHRAH-E- RAHIM YAR KHAN,28.33231,70.42489,3
102356,MUSHTAQ PET SERVICE,RAHIMYARKHAN II,RAHIM YAR KHAN,BWP,PUNJAB,DISTRICT COUNCIL ROADRAHIMYAR KHAN,28.40127,70.29883,4
102376,SHALIMAR FILLING STN,RAHIMYARKHAN II,RAHIM YAR KHAN,BWP,PUNJAB,NATIONAL HIGHWAYMIANWALI QURESHIANDISTT RAHIMYAR K,28.658076,70.38741,3
111641,FIDA P/S,DIST RAHIMYAR KHAN,BAHAWALPUR,BWP,PUNJAB,BHYUTTA KOT KLP ROAD KM# 597,28.56255,70.28406,4
111865,NISAR F/S,RAHIM YAR KHAN,RAHIM YAR KHAN,BWP,PUNJAB,NATIONAL HIGHWAY K#670/595,28.53692,70.26408,4
114400,NEW REHMAN F/S,RAHIM YAR KHAN,RAHIM YAR KHAN,BWP,PUNJAB,B/W KM NO. 175/176 OF SHAHI ROAD AT TARANDA SAWAYA KHAN RAHIMYAR KHAN,28.48636,70.40869,3
118679,ASIF PET SERVICE,RAHIMYARKHAN II,RAHIM YAR KHAN,BWP,PUNJAB,BYPASS ROAD TEHSIL & DISTRICT RAHIM YAR KHAN,28.437412,70.309818,3
115971,NEW BILAL P/S,RAHIM YAR KHAN,RAHIM YAR KHAN,BWP,PUNJAB,KHAN GULMERG ROADCHOK ABU DHABIR.Y.KHAN,28.40502,70.31886,3
102430,MOHAMMADI PET SERVICE,RAHIMYARKHAN II,RAHIM YAR KHAN,BWP,PUNJAB,IMAM NAGAR RD MAUZARAJANPUR KHURED RYK.,28.61017,70.17824,3
102461,SHAMIM PET SERVICE,RAHIMYARKHAN II,RAHIM YAR KHAN,BWP,PUNJAB,KM-1 BYEPASS ROADMOUZA KOT DARYARAHIMYARKHAN,28.42906,70.32491,3
102565,JADDAH PET/SERVICE,RAHIMYARKHAN II,RAHIM YAR KHAN,BWP,PUNJAB,SHAHRAH-E-SHAIKH ZAIDRAHIM YAR KHAN,28.39868,70.32627,4
103079,SHAHEEN PETROLEUM SER,RAHIMYARKHAN II,RAHIM YAR KHAN,BWP,PUNJAB,KM 7/8 RYK/HJS ROADCHAK NO 107/PRAHIMYARKHAN,28.34971,70.34108,3
118012,KHYBER PETROLEUM SERVICE,RAHIMYARKHAN II,RAHIM YAR KHAN,BWP,PUNJAB,AKRAM ABAD KLP ROAD RAHIM YAR KHAN,28.48306,70.23226,4
116911,AL AMIN F S,RAHIM YAR KHAN,RAHIM YAR KHAN,BWP,PUNJAB,KM1/2 CCHRAN RD SARDARGARH MOUZA MURAD PURRAHIMYAR,28.79147,70.40903,2
119752,ZAHID PETROLIUM SERVIC,RAHIMYARKHAN II,RAHIM YAR KHAN,BWP,PUNJAB,CHAK # 113/P MANTHAR ROAD RAHIM YAR KHAN,28.35605,70.29015,3
118742,ABUDHABI PETROLEUM SERVICE,RAHIM YAR KHAN,RAHIM YAR KHAN,BWP,PUNJAB,PALACE ROAD DARISANGHI TEHSIL & DISTRICT RAHIMYARKHAN,28.38956,70.34311,3
114724,CHAND F/S,RAHIM YAR KHAN,RAHIM YAR KHAN,BWP,PUNJAB,B/W KM 697/698 KLP ROAD AT MAUZA MIANWALI SHEIKHAN,28.73856,70.46293,4
102377,TAHIR PETROLEUM SER,RAHIMYARKHAN II,RAHIM YAR KHAN,BWP,PUNJAB,PSO PETROL PUMPSHAHI ROAD  R Y KHANDISTT RAHIMYAR,28.42248,70.31551,2
119549,ITTEHAD PETROLEUM SERVICE,RAHIMYARKHAN II,RAHIM YAR KHAN,BWP,PUNJAB,SHAHI BAZAR ROAD RAHIMYAR KHAN,28.42571,70.28028,3
102385,UNITED PETROLEUM,RAHIMYARKHAN II,RAHIM YAR KHAN,BWP,PUNJAB,SERVICEPSO  RETAIL DEALERRAHIM YAR KHAN,28.42237,70.31711,5
114780,KHAN P/S,RAHIM YAR KHAN,BAHAWALPUR,BWP,PUNJAB,KM 608 -609 OF N.H.WAYMOUZA PIR AHMED ABADR.Y.KHAN,28.20616,69.86695,4
117086,AFZAL BROTHER P S,SADIQABAD,RAHIM YAR KHAN,BWP,PUNJAB,PSO  RETAIL DEALERNEAR CHOWK BAHADUR PURSHAKEELABA,28.43307,70.21241,4
102420,HAZARA TRUCKING STN,RAHIMYARKHAN II,RAHIM YAR KHAN,BWP,PUNJAB,MZA KHUDA BAKASH DAHARSADIQABAD R Y KHAN,28.28287,70.04493,3
118338,MAJEED BROTHERS,RAHIM YAR KHAN,RAHIM YAR KHAN,BWP,PUNJAB,CHOWK BAHADUR PUR KLP ROAD RAHIM YAR KHAN,28.43741,70.21555,5
112123,REHMAN BROS P/S,RAHIM YAR KHAN,BAHAWALPUR,BWP,PUNJAB,KM 1 ON SADIQABAD DISTT,28.30199,70.12112,3
101755,DAWOOD  PET.SERVICE,RAHIMYARKHAN II,RAHIM YAR KHAN,BWP,PUNJAB,SADIQABAD BY-PASSMOUZA AMID ALIRAHIMYA,28.34236,70.13512,4
114019,ZEESHAN P/S,SADIQABAD,RAHIM YAR KHAN,BWP,PUNJAB,ON KLP ROAD (N-5) AT MOUZA PIR,28.20911,69.87706,4
118866,MAZARI AUTOS,SADIQABAD,RAHIM YAR KHAN,BWP,PUNJAB,SADIQ ABAD CITY DISTRICT RAHIM YAR KHAN,28.30111,70.10461,3
102394,SHAHAB TRUCKING STN,RAHIMYARKHAN II,RAHIM YAR KHAN,BWP,PUNJAB,NO-5-MPTEH SADIQABADDIST RAHIMYAR KHAN,28.38698,70.18002,4
102395,FAIZ-E-GILLAN PET/SER,RAHIMYARKHAN II,RAHIM YAR KHAN,BWP,PUNJAB,KM-24/25 SRG ROADRAHIMABAD SADIKABADDISTT RAHIMYAR,28.40815,69.93895,3
102402,ZAFAR TRUCKING STN,RAHIMYARKHAN II,BAHAWALPUR,BWP,PUNJAB,NAT/H/W KM-621-622 GHAMI ZAFARABAD KLP ROAD SAJIR PUR RYK.,28.24008,69.94666,3
117763,SAHER PETROLEUM SERVICE,RAHIMYARKHAN II,RAHIM YAR KHAN,BWP,PUNJAB,CHAK NO. 173/P TEHSIL SADIQABAD RAHIM YAR KHAN,28.19599,70.06693,3
102413,AL-MEHAR PET SERVICE,RAHIMYARKHAN II,BAHAWALPUR,BWP,PUNJAB,CHAK-NO-197-P SAD-TGANG R-Y KHAN,28.13744,70.05074,3
115721,ROAD KING PETROLEUM PRIVATE LIMITED,RAHIM YAR KHAN,RAHIM YAR KHAN,BWP,PUNJAB,KLP ROAD (N-5) AT CHAK NO 6/NP TEHSIL SADIQABAD,28.36562,70.16375,4
117970,AFZAL WARRAICH PETROLEUM SERVICE,SADIQABAD,RAHIM YAR KHAN,BWP,PUNJAB,RANJHAY KHAN KLP ROAD RAHIM YAR KHAN SADIQABAD,28.40433,70.19345,4
102453,PIR MOOSA NAWAB PETSER,RAHIMYARKHAN II,RAHIM YAR KHAN,BWP,PUNJAB,BW KM 620-621 N.H.WAYCHAK NO 44/NPRAHIMYAR KHAN,28.24662,69.96414,4
113670,MUMTAZ CHANG P/S,RAHIM YAR KHAN,RAHIM YAR KHAN,BWP,PUNJAB,"IN KM NO.1 ON SWETRA- DAUWALA-GUDDU ROAD, MAUZA MITHA DANDAM",28.36207,70.01188,4
116189,NEW BAJWA BROS P/S,RAHIM YAR KHAN,RAHIM YAR KHAN,BWP,PUNJAB,"B/W KM NO. 15-16, ON SADIQABAD",28.43143,70.08361,3
102482,SHAHBAZ PET SERVICE,RAHIMYARKHAN II,RAHIM YAR KHAN,BWP,PUNJAB,KM11/12 SDB/J-DIN WALIRD MOUZA KOT MEHTABRAHMIRKHA,28.39912,70.08357,4
114535,JUNAID F/S,RAHIM YAR KHAN,BAHAWALPUR,BWP,PUNJAB,B/W KM NO. 16-17 ON AKRAMABD AMALDIN WALI ROAD AT MOUZA ROUTI,28.54241,70.09591,3
102582,DRIG PETROLIUM SER,RAHIMYARKHAN II,RAHIM YAR KHAN,BWP,PUNJAB,RYK.SHAHBAZPUR ROADMOUZA MOHAMMAD NAWAZWARSA R.Y.K,28.41955,70.08618,3
102805,REHMANIA PET SERVICE,BAHAWALPUR,BAHAWALPUR,BWP,PUNJAB,KM-828/829 KNANKASHRIFN/H WAY BHAWALPUR,29.30124,71.52765,3
103176,ALI MOTORS FILL STN,RAHIMYARKHAN II,RAHIM YAR KHAN,BWP,PUNJAB,KM614/615 N.H.WAYGOTHAALOO KOT SABZALRAHIMYAR KHAN,28.22767,69.91998,3
115389,AZEEM P/S,RAHIM YAR KHAN,BAHAWALPUR,BWP,PUNJAB,KM 16-17 OF SADIQ ABAD MANTHAR AT CHAK NO.143/P TEHSIL & DIST RAHIM YAR KHAN,28.19328,70.22414,3
119352,CHAUDHARY BROS FILLING STATION,SADIQABAD,RAHIM YAR KHAN,BWP,PUNJAB,BY PASS ROAD SADIQABAD RAHIM YAR KHAN,28.31142,70.09721,5
116085,ALI SHAN F/S,RAHIM YAR KHAN,RAHIM YAR KHAN,BWP,PUNJAB,SADIQABAD CITY RAHIM YAR KHAN,28.31085,70.12611,3
102369,HASSAN PETROLEUM,RAHIMYARKHAN II,RAHIM YAR KHAN,BWP,PUNJAB,MOUZA FATEH PUR KAMALRAHIMYAR KHAN,28.86236,70.60881,4
117724,QUICKWAYS TRUCKING STN,RAHIMYARKHAN II,BAHAWALPUR,BWP,PUNJAB,"NATIONAL HIGHWAY, ZAFFAR ABAD TEHSIL LIAQUAT PUR RAHIM YAR KHAN",28.89646,70.66274,5
116470,AL MUNEER P/S,KHANPUR,RAHIM YAR KHAN,BWP,PUNJAB,KATCHI JAMALKHANPURDIST RAHIMYAR KHAN,28.65121,70.68891,4
102401,BILAL TRUCKING STN,RAHIMYARKHAN II,RAHIM YAR KHAN,BWP,PUNJAB,MAZA PHULLO LOLAIKHANPUR R Y KHAN,28.7287,70.454,4
102456,ALSADIQ FILL STATION,RAHIMYARKHAN II,RAHIM YAR KHAN,BWP,PUNJAB,KM-96-97 SHAHI ROADMOUZA CHAUDHARY L.PURRAHIMYARKH,28.947559,70.943873,5
102489,AL MAKKA FILL STATION,RAHIMYARKHAN II,RAHIM YAR KHAN,BWP,PUNJAB,KM 145/146 SHAHI ROADMOUZA KHANPURRAHIMYARKHAN,28.64183,70.63979,3
119467,NAZIR KALLU P/STN.,LIAQAT PUR,RAHIM YAR KHAN,BWP,PUNJAB,MOUZA RASHID ABAD LIAQAT PUR TO RYK  SHAHI ROAD RAHIMYAR KHAN LIAQAT PUR,28.81057,70.84736,3
118172,MASHA ALLAH F/STN,RAHIMYARKHAN II,BAHAWALPUR,BWP,PUNJAB,KHAN PUR - BAGHO BAHAR ROAD MAUZA MUD ILYAS RAHIM YAR KHAN,28.53425,70.63006,3
102033,ARSHAD FAROOQ PET.SER.,RAHIMYARKHAN II,RAHIM YAR KHAN,BWP,PUNJAB,KM 714-715 OF N.H.WAYAT MOUZA MOHALR.Y.KHAN,28.84442,70.58601,5
102087,KHOKAR FILLING STATION,RAHIMYARKHAN II,RAHIM YAR KHAN,BWP,PUNJAB,KM 753-754 OF N.H.WAYAT MOUZA KACHI M.KHANLIAQUATR,29.08116,70.88453,4
111340,HAJI NAZAR KHAN MAUSA KHAIL PET SER,KHANPUR,RAHIM YAR KHAN,BWP,PUNJAB,B/W 702 - 703 ON NATIONAL HIGHWAY AT,28.75172,70.47831,4
102378,STATE  OIL  CC.,RAHIMYARKHAN II,RAHIM YAR KHAN,BWP,PUNJAB,PSO RETAIL DEALERTRINDA MOHD PANNAHDISTT RAHIMYAR,29.090982,70.898578,3
102386,MALIK GASOLINE SERVICE,RAHIMYARKHAN II,RAHIM YAR KHAN,BWP,PUNJAB,PSO  RETAIL DEALERNEAR BUS STANDKHANPURDIST RAHIMY,28.64955,70.64751,4
114050,ASIA F/S,BAHAWALPUR,RAHIM YAR KHAN,BWP,PUNJAB,B/W KM NO 705-706 OF NATIONAL,28.77351,70.50275,4
118904,MIAN BROTHERS F S,RAHIMYARKHAN II,RAHIM YAR KHAN,BWP,PUNJAB,KM-100 SHAHI ROADMAUZA CHAUDHRY L-PURR Y KHAN,28.92362,70.93149,3
102412,SERANI PET SERVICE,RAHIMYARKHAN II,RAHIM YAR KHAN,BWP,PUNJAB,N/H WAY DERA JETHANRUM LIAQATPURR Y KHAN,28.98895,70.76655,3
102414,TOOR T-STATION,RAHIMYARKHAN II,RAHIM YAR KHAN,BWP,PUNJAB,N.H.WAY KHAN BELAMOUZA CHANJNI LIQT PURR Y KHAN,28.92409,70.69953,4
117142,NEW ALI AKBAR P S,AHMEDPUR EAST,RAHIM YAR KHAN,BWP,PUNJAB,"NATIONAL HIGHWAY, KM NO. 750-751 MAUZA MALIK PUR, TEHSIL LIAQUATPUR. RAHIM YAR KHAN AHMEDPUR EAST",29.04763,70.84319,3
116876,PAKISTAN P S,LIAQUAT PUR,RAHIM YAR KHAN,BWP,PUNJAB,"MAUZA HAYAT LAR, SHAHI ROAD FEROZA, LIAQUAT PUR DISTT RAHIM YAR KHAN",28.7840278,70.818612,3
102427,GREEN VALLEY PET SER,RAHIMYARKHAN II,RAHIM YAR KHAN,BWP,PUNJAB,MOUZA MOOSA KANJOOKHANPUR R.Y.KHAN,28.61234,70.60821,4
102435,AL-RAIS PET SERVICE,RAHIMYARKHAN II,RAHIM YAR KHAN,BWP,PUNJAB,KHANPUR SARDAR GARH RDMOUZA PIRAN BALUCHRAHIM-YAR-,28.67146,70.52868,3
116920,GILLANI PET SERVICE,KHANPUR,RAHIM YAR KHAN,BWP,PUNJAB,MO WAHID BAKHSH SAYALNEAR JETHA BHUTTAR YAR KHAN,28.69574,70.75149,3
116585,AL MADINA F/S,KHANPUR,RAHIM YAR KHAN,BWP,PUNJAB,KHANPUR BAGHO BHAR RDMZ SHAH MOHD MARRALR.YAR-KHAN,28.60425,70.65623,2
116925,AHMAD PS,KHANPUR,RAHIM YAR KHAN,BWP,PUNJAB,KHANPUR BYEPASS ROADMOUZA KATACHI JAMALRAHIMYARKHA,28.65761,70.67177,3
102448,SHANDAR PET SERVICE,RAHIMYARKHAN II,RAHIM YAR KHAN,BWP,PUNJAB,KHANPUR FEROZA ROADMOUZA FEROZAR.Y.KHAN,28.76017,70.80208,4
102450,BISMILLAH PET SERVICE,RAHIMYARKHAN II,RAHIM YAR KHAN,BWP,PUNJAB,KHANPUR/BAGHOBAHAR RDMOZ NEAL GARH KHANPURRAHIMYAR,28.63361,70.65842,4
102463,BUKHARI FILL STATION,RAHIMYARKHAN II,RAHIM YAR KHAN,BWP,PUNJAB,KHANPUR-NAWAKOT ROADMOUZA LALOORAHIMYARKHAN,28.69346,70.65835,3
117099,MUNIR & SONS,KHANPUR,RAHIM YAR KHAN,BWP,PUNJAB,"SHAHI ROAD, MAUZA HAKRA TEHSIL KHAN PUR, DISTRICT RAHIM YAR KHAN",28.63663,70.63571,4
116825,BUKHARI FILLING STATION,KHANPUR,RAHIM YAR KHAN,BWP,PUNJAB,KM726-727BN.H.WAYMOUZA CHANJNIRAHIMYARKHAN,28.90861,70.68261,3
112202,FOUR STAR F/S,RAHIM YAR KHAN,RAHIM YAR KHAN,BWP,PUNJAB,"KM 704-705, KLP ROAD, MOUZA MOSAIB  LOLAI",28.78354,70.51364,3
103738,ALI KHAN PETROLEUM,RAHIMYARKHAN II,BAHAWALPUR,BWP,PUNJAB,KM 738-739 OF N.H.WAYAT MOUZA RUM TEHSILLIAQUATPUR,28.98773,70.76622,3
119534,RAJA PETROLEUM SERVICE,BAHAWALPUR,BAHAWALPUR,BWP,PUNJAB,RAILWAY ROAD  MODEL TOWN-A BAHAWALPUR,29.4008849,71.6550891,5
102633,NATIONAL AUTOS,BAHAWALPUR,BAHAWALPUR,BWP,PUNJAB,MANDI HASILPURDISTT BAHAWALPUR,29.70061,72.55419,3
102635,MANZIL TRUCKING STN,BAHAWALPUR,BAHAWALPUR,BWP,PUNJAB,BHAWALPURDISTT BAHAWALPUR,29.36405,71.62785,3
119615,KHALID MODERN FILLING STATION,HASILPUR,BAHAWALPUR,BWP,PUNJAB,"KM-4, VEHARI ROAD HASILPUR BAHAWALPUR",29.70914,72.55281,4
102943,KHURRAM PET SERVICE,BAHAWALPUR,BAHAWALPUR,BWP,PUNJAB,5/6 BWP/HASIL PUR ROADCHAK NO 9/B.CBAHAWALPUR,29.3811859,71.7353043,5
103203,AL MASOOD P/S,BAHAWALPUR,BAHAWALPUR,BWP,PUNJAB,MOUZA GOTH JHUMARKHIRPUR TAMEWALIBHAWALPUR,29.59335,72.24663,3
113800,JINNAH P/S,BAHAWALPUR,BAHAWALPUR,BWP,PUNJAB,ON HASILPUR VEHARI ROAD AT HASILPUR CITY,29.6995067,72.5537036,5
102673,QUICKWAY SER STATION,BAHAWALPUR,BAHAWALPUR,BWP,PUNJAB,CHOWK-FAWARA BAHA PURDIST BAHAWALPUR,29.3906061,71.6707859,4
117437,CARWAN TRUCKING STN,BAHAWALPUR,BAHAWALPUR,BWP,PUNJAB,"KM 847,848 N-5, MAUZA KHANUWALI BAHAWLAPUR",29.4060843,71.6389213,4
119817,GREEN STAR TRUCK STN,BAHAWALPUR,BAHAWALPUR,BWP,PUNJAB,KM-850/851 N-H-WAYMZA WALISLAN BAHAWALPUR.,29.43444,71.64978,5
119069,REHMAN FILL STATION,KHAIRPUR,BAHAWALPUR,BWP,PUNJAB,CHOKIWALA INAYATI MAUZA ROKRANI TEHSIL KHAIRPUR TAMIWALI BAHAWALPUR KHAIRPUR,29.71591,72.31371,3
114684,FAISAL P/S,BAHAWALPUR,BAHAWALPUR,BWP,PUNJAB,KM12/13 Q-PUR/JAMPURBAK RD CHAK CHAUDHRIANBAHWALPU,29.78369,72.40805,2
102903,BASHIR PET SERVICE,BAHAWALPUR,BAHAWALPUR,BWP,PUNJAB,CHAK 83FFATEH HASILDURBAHAWALPUR,29.5930835,72.5833994,4
119130,ROHI,KHAIRPUR,BAHAWALPUR,BWP,PUNJAB,HASILPUR ROAD KHAIRPUR TAMIWALI BAHAWALPUR KHAIRPUR,29.56102,72.19129,4
102925,MADINA PET SERVICE,BAHAWALPUR,BAHAWALPUR,BWP,PUNJAB,MILE 7/4-5 AHMED-P-ERDSAMASTTA BAHAWALPUR,29.3406029,71.5857306,3
114685,FIRDOUS P/S,BAHAWALPUR,BAHAWALPUR,BWP,PUNJAB,HASILPUR ROADMOUZA CHANIPURB.PUR,29.5863588,72.236297,2
114456,MAQBOOL P/S,BAHAWALPUR,BAHAWALPUR,BWP,PUNJAB,ON HASILPUR CHISTIAN ROAD AT CHAK NO. 60-61/F TEHSIL HASILPUR,29.7067281,72.5913769,3
102975,SANGHALAN FILL STATION,VEHARI,BAHAWALPUR,BWP,PUNJAB,31/32KM OF STATE H-WAYCHAK NO 38/BCBAHAWALPUR,29.469999,71.987993,4
114700,AAMER PET SERVICE,BAHAWALPUR,BAHAWALPUR,BWP,PUNJAB,HASILPUR/CHONA WALA RDCHAK NO 160/MURADBAHAWALPUR,29.50898,72.64443,4
114838,RAMAY PET SERVICE,BAHAWALPUR,BAHAWALPUR,BWP,PUNJAB,KM 94/95 STATE HIGHWAYCHAK NO 18/FWBAHAWALPUR,29.6962981,72.5402641,4
103045,MODEL PET SERVICE,BAHAWALPUR,BAHAWALPUR,BWP,PUNJAB,KM 92 MULTAN/BWP ROADMOUZA BINDRABAHAWALPUR,29.42286,71.66568,5
103146,BASRA PET SERVICE,BAHAWALPUR,BAHAWALPUR,BWP,PUNJAB,HASILPUR/C.WALLA ROADCHAK NO-63/F HASILPURBAHAWALP,29.6797368,72.5748776,4
119259,HNR PETROLEUM SERVICE,BAHAWALPUR,BAHAWALPUR,BWP,PUNJAB,"CHAK NO.5/BC HASILPUR ROAD, DERA BHAKHA BAHAWALPUR",29.4033061,71.8161185,4
103199,WAQAS PER.SERVICE,BAHAWALPUR,BAHAWALPUR,BWP,PUNJAB,MOUZA TIBBI GHAFARKHAIRPUR TANNE WALIBAHAWALPUR,29.69794,72.29071,2
103597,ALLAH-O-AKBER P/S,BAHAWALPUR,BAHAWALPUR,BWP,PUNJAB,SAMA SATTA FATOO RDMOUZA FATOWALIBWP.,29.37243,71.59376,3
103633,MOHKUM  P/S,BAHAWALPUR,BAHAWALPUR,BWP,PUNJAB,KHANKAH  SHARIFBAHAWALPUR,29.3069042,71.5478611,4
103765,RASHAD PET.SERVICE,BAHAWALPUR,BAHAWALPUR,BWP,PUNJAB,61 ON STATE H/WAYSECTOR BAHAWAL PURHASILPUR ROAD M,29.59997,72.25456,4
115502,BASRA FILLING STATION,BAHAWALPUR,BAHAWALPUR,BWP,PUNJAB,KM 12-13 BAHAWALPURBAHAWALNAGAR ROAD ATMAUZA QAIMP,29.6770019,72.4423991,4
119948,ALI ARFAN PETROLEUM SERVICES,HASILPUR,BAHAWALPUR,BWP,PUNJAB,"MOUZA ABLANI HASILPUR QAIMPUR-HEAD ISLAM ROAD,BAHAWALPUR HASILPUR",29.74884,72.46717,3
118014,ZAM ZAM P S,BAHAWALPUR,BAHAWALPUR,BWP,PUNJAB,"BAHAWALPUR MULTANROAD, AT MOUZA BI",29.41865,71.66803,5
104205,KHAN BROS. P/S,BAHAWALPUR,BAHAWALPUR,BWP,PUNJAB,ON BAHAWALPUR AHMEDPUR ROAD AT QASIM BAGHMODEL TOW,29.38517,71.66163,3
116024,NIAZ A GHAFOOR P/S,BAHAWALPUR,BAHAWALPUR,BWP,PUNJAB,ABDUL GHAFOORPSO  RETAIL DEALERO/SIDE FARID GATEDI,29.3946342,71.6862576,4
117223,GHAZI FS,BAHAWALPUR,BAHAWALPUR,BWP,PUNJAB,OPPOSITE GENERAL BUS STAND,29.40598,71.67873,6
102884,MODERN SERVICE STAION,BAHAWALPUR,BAHAWALPUR,BWP,PUNJAB,CHOWK FAWARABAHAWALPUR,29.3907412,71.670673,4
115201,MUKHTAR GILLANI P/S,BAHAWALPUR,MULTAN,BWP,PUNJAB,KM-19 AHMEDPUR UCH SHRRD MZUCH GILLANIBAHAWALPURBA,29.23195,71.07305,5
117534,YAZMAN PETROLEUM SERVICE,BAHAWALPUR,BAHAWALPUR,BWP,PUNJAB,TAILWALA-YAZMAN ROAD CHAK NO 102/DB. YAZMAN BAHAWALPUR,29.116194,71.749446,3
104192,ARBI T/S,BAHAWALPUR,RAHIM YAR KHAN,BWP,PUNJAB,KM# 772-773 OF N/HIGHWAY AT MOUZA CH# 53/ATEH.LIQA,29.08561,71.06421,3
119319,BASRA FILLING STATION,BAHAWALPUR,BAHAWALPUR,BWP,PUNJAB,"CHAK NO.56/DB, YAZMAN BAHAWALPUR",29.138953,71.746095,3
102637,ALIZAI AND CO,BAHAWALPUR,BAHAWALPUR,BWP,PUNJAB,CHACHA BASTI CHOWK AHMEDPUR EAST DIST BWP.,29.14597,71.23995,3
102832,REHBER PET SERVICE,BAHAWALPUR,BAHAWALPUR,BWP,PUNJAB,B'PUR ROAD TOWNAHMAD PUR BHAWALPUR,29.1548644,71.3005984,5
119483,AL FATAH P/S,BAHAWALPUR,BAHAWALPUR,BWP,PUNJAB,CHAK NO 42/DB YAZMAN ROAD BAHAWALPUR,29.23271,71.72209,2
117230,AL-MEEZAN FILLING STATION,AHMEDPUR EAST,BAHAWALPUR,BWP,PUNJAB,CHANN GOTH AHMED PUR EAST BAHAWALPUR,29.08975,71.01211,4
102886,ALLAHWALA FILL STATION,BAHAWALPUR,BAHAWALPUR,BWP,PUNJAB,KM-N-H/WMZAGALLANIBAHAWALPUR,29.20579,71.40031,4
114953,KHALID WARRAICH P/S,BAHAWALPUR,BAHAWALPUR,BWP,PUNJAB,KM 783-784 ON KLP ROAD (N-5) AT MAUZA INAYATPUR TEHSIL AHMEDPUR,29.10971,71.14691,3
102915,HAFEEZ PET SERVICE,BAHAWALPUR,BAHAWALPUR,BWP,PUNJAB,MITHARA ROADCHAK NO 8/DRB YAZMANBAHAWALPUR,28.97269,71.53331,3
119482,MIAN BROTHERS FS,AHMEDPUR EAST,BAHAWALPUR,BWP,PUNJAB,"YAZMAN ROAD SHAHIWALA, CHAK 47 AHMEDPUR EAST",29.03486,71.29561,4
103160,ITTEFAQ PET SERVICE,BAHAWALPUR,BAHAWALPUR,BWP,PUNJAB,CHAK NO-1/DNB YAZMANBAHAWALPUR,29.10411,71.57124,2
103730,THOTA FILLING STATION,BAHAWALPUR,BAHAWALPUR,BWP,PUNJAB,KM 10 ON AHMEDPUR EASTHEAD RAJAKAN ROAD ATCHAK 47,29.0445576,71.2706092,4
103750,FINE PET SER,BAHAWALPUR,BAHAWALPUR,BWP,PUNJAB,KM 5 N YAZMAN KUDWALAROAD AT CHAK 88/DBTEHSIL YAZM,29.13995,71.78767,3
115231,GULISTAN P/S,BAHAWALPUR,BAHAWALPUR,BWP,PUNJAB,7 FROM YAZMAN TAILWALROAD AT 106BAHAWALPUR,29.08971,71.70461,3
118643,MISSAN PETROLEUM SERVICE,BAHAWALPUR,BAHAWALPUR,BWP,PUNJAB,"IN KM 824 NHW(N-5), MOUZA HABIB MISSAN MUSAFIR KHANA BAHAWALPUR",29.27377,71.48806,4
116733,ISMAIL P/S,BAHAWALPUR,BAHAWALPUR,BWP,PUNJAB,12 KM MEHRAB WALA 1.0KM SOHAIL COTTON FACT.YAZMAN,29.11654,71.40022,3
104147,ADNAN PET.SERVICE,BAHAWALPUR,BAHAWALPUR,BWP,PUNJAB,KM 829 ON PAKISTANHIGHWAY MOUZA KHAIRAHTEH.AHMEDPU,29.29244,71.03292,3
111861,TALHA P/S,BAHAWALPUR,BAHAWALPUR,BWP,PUNJAB,KM 11-12 CHAK 25/BC,29.31908,71.70839,3
114051,NEW BILAL T/S,BAHAWALPUR,LODHRAN,BWP,PUNJAB,LODHRAN BYE PASS ROAD (N-5) AT,29.56546,71.65128,5
102866,ASAD FILL STATION,LODHRAN,LODHRAN,BWP,PUNJAB,KAROR PACCADISTT MULTAN,29.63642,71.90553,3
102944,ABBAS FILL STATION,LODHRAN,LODHRAN,BWP,PUNJAB,KLP RD SEC LODHRAN KWLDUNYAPUR SHARQILODHRAN,29.80221,71.75269,3
103211,IJLAL F/STN,LODHRAN,LODHRAN,BWP,PUNJAB,BETWEEN KHANEWAL-LODHRAN RD AT TANDATAHDA TAHEEM L,29.54713,71.64979,4
115146,DANIYAL P/S,LODHRAN,LODHRAN,BWP,PUNJAB,ATIONAL H.WAY        BAHAWALPUR MULTAN     CHK NO.,29.48038,71.64628,4
102754,RAFIQ PETROLEUM SERVIC,LODHRAN,LODHRAN,BWP,PUNJAB,PSO  RETAIL DEALERSLODHRAN DIST MULTAN,29.55185,71.62556,2
119541,AL-MUSTAFA PET SERVICE,MULTAN,MULTAN,BWP,PUNJAB,"MOUZA BHUTAJEY, TEHSIL LODHRAN JALAL PUR PIR WALA ROAD",29.50425,71.52001,2
102807,SARWAR KHURSHID P/SER,MULTAN,LODHRAN,BWP,PUNJAB,MAUZA KHANPURMULTAN,29.56782,71.71605,3
114791,AL FAREED P/S,MULTAN,LODHRAN,BWP,PUNJAB,DUNYPUR-KAROPACCA ROADALI PUR KANJOO MULTAN,29.624073,71.917901,3
102839,WAHID PET SERVICE,MULTAN,BAHAWALPUR,BWP,PUNJAB,CHOWK PEMITMAUZA SUMRANATIONAL H/W MULTAN,29.59027,71.61426,3
102847,NADEEM PET SERVICE,MULTAN,BAHAWALPUR,BWP,PUNJAB,BASTI MALUKCHAK-3570WB LODHRANMULTAN,29.82047,71.66915,3
119524,DUNYAPUR PET SER,LODHRAN,LODHRAN,BWP,PUNJAB,"KHANEWAL LODHRAN ROAD NEAR SUPER CHOWK, DUNYAPUR DUNYAPUR PETROLEUM SERVICE",29.80601,71.75265,3
102870,AL-SADIQ PET SERVICE,MULTAN,BAHAWALPUR,BWP,PUNJAB,MZA CHAMB KALYARTEH LODHRAN MULTAN,29.44473,71.56178,2
119922,KHAWAJA 1 P/S,LODHRAN,BAHAWALPUR,BWP,PUNJAB,"KHANEWAL-LODHRAN ROAD CHAK NO.321-WB-LODHRAN ROAD, DUNYAPUR HIGHWAY",29.847058,71.761614,3
102919,NAJIF PET SERVICE,LODHRAN,LODHRAN,BWP,PUNJAB,LAL SAGU DAKOTA ROADCHAK NO 231/WBLODHRAN,29.81716,71.90628,0
102949,NEW TEHSIN PET SERVICE,LODHRAN,LODHRAN,BWP,PUNJAB,KW/LODHRAN(BY PASS)MAUZA QATUBPUR DISTT: LODHRAN.,29.89829,71.77692,5
102996,MIAN PET SERVICE,LODHRAN,LODHRAN,BWP,PUNJAB,KM NO 1 BASIT MALOOKMAUZA DUNYAPURLODHRAN,29.80492,71.72923,3
103030,EALIA PET SERVICE,LODHRAN,BAHAWALPUR,BWP,PUNJAB,KM25 SAUJABAD/LODHRANRD MOUZA RAWANRILODHRAN,29.70724,71.49196,2
103068,RED STAR PET SERVICE,LODHRAN,LODHRAN,BWP,PUNJAB,KM 879/880 N/H MXC BWPSEC MOUZA JALLA ARAINLODHRAN,29.73248,71.57264,4
119507,ESSA FILLING STATION,LODHRAN,LODHRAN,BWP,PUNJAB,MAKHDOOM  AALI LODHRAN KM 888-889 N/HIGHWAY,29.78544,71.55684,3
114262,HUZAIFA P/S,LODHRAN,LODHRAN,BWP,PUNJAB,ON LODHRAN MULTAN ROAD (N-5),29.63219,71.60173,4
103175,NEW EVERSHINE FILL/STN,LODHRAN,LODHRAN,BWP,PUNJAB,KM-99 KHANEWAL LODHRANRD MOUZA THADDA DISTT: LODHRAN.,29.54474,71.64962,5
103208,AL MUSTAFA  P/S.,LODHRAN,LODHRAN,BWP,PUNJAB,KEHROR PACCA LODHRANMAUZA DHANOTLODHRAN,29.58392,71.76522,3
116082,USMAN BROTHERS F/S,LODHRAN,LODHRAN,BWP,PUNJAB,"KM#65,KHANEWAL LODHRAN ROAD.E5 CHAK # 327/WB,TEHSIL DUNYAPUR",29.83271,71.75659,3
116063,KHAN P/S,LODHRAN,LODHRAN,BWP,PUNJAB,ON MULTAN DUNYAPVR RD.CHAK # 339 WBLODHRANDUNYAPUR,29.84613,71.71295,3
113801,BLUE SKY P/S,LODHRAN,LODHRAN,BWP,PUNJAB,"IN KM 1, ON LAL SAGU ROAD DUNYAPUR CITY",29.80418,71.74757,4
103746,REHMAN FILLING STATION,VEHARI,Lodhran,BWP,PUNJAB,KM 887-878 ON N.H.WAY(N-5) AT MOUZA ALIASAR TEHSIL,29.684429,71.586617,3
103762,AL-FAZAL PET.SERVICE,LODHRAN,LODHRAN,BWP,PUNJAB,KM 1 FROM DUNYAPUR ONKAROR PACCA ROAD MOUZADUNYAPU,29.79439,71.74987,3
103774,ASIM AND COMPANY,LODHRAN,LODHRAN,BWP,PUNJAB,FROM RAILWAY ROADCROSSING ON KAROR ROADLODHRAN,29.62165,71.90502,5
104142,SEVEN STAR TRUCKING,LODHRAN,LODHRAN,BWP,PUNJAB,KM 851-852 FROM KHANEWAL LODHRAN ROAD TEH.DISTRIXC,29.52694,71.64187,2
102325,AL-MAHMOOD GASOLINE,MULTAN,VEHARI,BWP,PUNJAB,KM NO.53 OF KHANEWAL-LODHRAN ROAD AT MOUZAQADIR PU,29.93441,71.78663,4
116495,FAIRWAYS P/S,VEHARI,VEHARI,BWP,PUNJAB,METHLA CHOWKVEHARI ROADDISTT VEHARI,30.00243,71.81581,3
102687,KHAN OIL TRADERS,VEHARI,VEHARI,BWP,PUNJAB,MAILSIDISTT VEHARI,29.78921,72.16149,3
118492,MANTHAR PETROLEUM SERVICE,VEHARI,KHANEWAL,BWP,PUNJAB,KM-43/44-KWL-LODHRAN166/WB LANGH MAILSIVEHARI,29.9975532,71.8300794,3
116095,AFZAL P/S,VEHARI,BAHAWALPUR,BWP,PUNJAB,AT KM NO.15 ON TIBBA SULTAN PUR MAILSI ROAD AT CHAK NO.195/WB DAKOTA TEHSIL MAILSI,29.90129,72.01409,3
102622,NAQVI OIL TRADERS,VEHARI,MULTAN,BWP,PUNJAB,KARAMPUR ROADMALAKWINE MAILSIDIST VEHARI,29.80878,72.21017,2
115133,SHATAB GARH P/S,VEHARI,VEHARI,BWP,PUNJAB,TIBBA SUL-PUR LUDDN RDMAUZA MITROVIHARI,29.96018,72.05717,0
116798,AMEEN BROS PS,VEHARI,VEHARI,BWP,PUNJAB,GARH MOREDISTT VEHARI,30.04578,72.0655,3
102939,MANAIS PET SERVICE,VEHARI,VEHARI,BWP,PUNJAB,MAILSI TIBBA SULTANPURRD MOU TIBBA SULTANPURVEHARI,29.97139,71.89966,3
102962,SHOOTWAYS,VEHARI,VEHARI,BWP,PUNJAB,KM 6/7 MAILSI/VHR ROAD MUZA ALAM PUR DISTT: VEHARI,29.83646,72.25066,2
102969,KIKRI GAS STATION,VEHARI,VEHARI,BWP,PUNJAB,KAROR PACCA ROADMAUZA KIKRIVEHARI,29.74619,72.08681,3
102974,GREEN STAR FILL STATIO,VEHARI,VEHARI,BWP,PUNJAB,MULTAN/VHR RD NOORSHAHCHOWK AT CHAK NO 95/WEVEHARI,30.02583,72.28474,4
102988,KAMBOH FILL STATION,VEHARI,VEHARI,BWP,PUNJAB,KM 32-33 VER/DEHLI MXCRD. CHAK NO 100/WBVEHARI,30.03958,72.04159,0
103021,AL-FAREED PET SERVICE,VEHARI,VEHARI,BWP,PUNJAB,KM-8 VHR/MAILSI K.PURRD CHAK NO 63/WBVEHARI,29.96657,72.31859,3
103088,ALLAH RAKHA FILL STN,VEHARI,VEHARI,BWP,PUNJAB,KM-627 DEHLI MULTAN RDCHAK-120/WB MAILSIVEHARI,30.00946,71.96243,4
103130,SHAKEEL PET SERVICE,VEHARI,VEHARI,BWP,PUNJAB,KM612 DEHLI MULTAN RD.CHAK174/WBADDAG HUSAINVEHARI,30.04656,72.1281,3
103182,PIR PATHAN PET SER,VEHARI,VEHARI,BWP,PUNJAB,KM40 KHW/LODHRAN RDMOUZA RUKUN PURVEHARI,29.9273426,71.805767,3
103204,ASFAND YAR P/S,VEHARI,VEHARI,BWP,PUNJAB,MALSI-MUTRU ROADMOUZA MITRUVAHARI,29.95528,72.07901,3
103364,ASHRAF PET: SERVICE,VEHARI,VEHARI,BWP,PUNJAB,TIBBA MAILSI ROADCHAK # 143/W.B MAILSIVEHARI,29.88822,72.03598,3
103591,KHURSHID P/S,VEHARI,VEHARI,BWP,PUNJAB,21 KM ;OF GARHA MOREMAINPAKHI ROADVEHARI,30.10063,72.21068,3
103692,NEW MINTHAAR PET.SERV.,VEHARI,VEHARI,BWP,PUNJAB,909 FROM KARACHI ONKHANEWAL LODHRAN ROADQUTABPUR A,30.00184,71.82322,2
118241,GREEN VILLAGE PETROLEUM  SERVICE,VEHARI,VEHARI,BWP,PUNJAB,KM 13 ON VEHARI MAILSI AT MOUZA KOT SORO MORE DISTT: VEHAIR.,29.92095,72.32051,4
104134,ZAFAR PET.SERVICE,VEHARI,VEHARI,BWP,PUNJAB,32 ON DUNYA PURDOATA ROAD AT CHAK 211W.B.MAILSIVEH,29.88029,71.99545,3
117090,A ONE WAZIRISTAN PETROLEUM SERVICE,RAHIM YAR KHAN,RAHIM YAR KHAN,BWP,PUNJAB,"KM NO. 682-683, NATIONAL HIGHWAY MAUZA MUHAMMAD PUR GANGA",28.63941,70.36211,3
105240,NEW DAUD P/S,RAHIMYARKHAN II,RAHIMYARKHAN II,BWP,PUNJAB,KM# 640-641 NATIONALHIGHWAY SADIQABADBYPASSSADIQAB,28.34143,70.13508,4
105255,ZAHIRPIR PETROLEUM,RAHIMYARKHAN II,RAHIM YAR KHAN,BWP,PUNJAB,SERVICE - KM NO 01-02OF ZAHIRPIR BYPASSNATIONAL HI,28.80146,70.54357,4
105256,AL HAMD PETROLEUM,RAHIMYARKHAN II,BAHAWALPUR,BWP,PUNJAB,SERVICE -- B/W KM #752-3 OF KLP RO,29.07448,70.87816,4
117404,GONDAL PETROLEUM SERVICE,RAHIMYARKHAN II,RAHIM YAR KHAN,BWP,PUNJAB,"KHUTHRI BANGLOW, YAZMAN BAHAWALPUR",29.03389,71.41263,3
110703,NAWAZISH FILLING STATION,MAILSI,Vehari,BWP,PUNJAB,"TEHSIL MAILSI CITY, DISTRICT VEHARI",29.80773,72.16894,3
110793,AFZAL SHAH F/S,SADIQABAD,RAHIM YAR KHAN,BWP,PUNJAB,KLP ROAD,28.30811,70.12247,5
110792,FAISALABAD F/S,RAHIM YAR KHAN,RAHIM YAR KHAN,BWP,PUNJAB,ADDA SHEIKH WAIN,28.59047,70.30914,4
110791,KHAN DRAZ F-S,BAHAWALPUR,BAHAWALPUR,BWP,PUNJAB,K.L.P ROAD,29.26496,71.47951,5
110803,HAJI HANIF (AZM),BAHAWALPUR,BAHAWALPUR,BWP,PUNJAB,JAHNGI WALLA,29.43295,71.79941,3
114038,AHSAN P/S,BAHAWALPUR,BAHAWALPUR,BWP,PUNJAB,KM NO 812813 ON KLP ROAD (N-5) AT,29.21608,71.41815,4
117338,AHMEDPUR PS,AHMEDPUR EAST,BAHAWALPUR,BWP,PUNJAB,NEAR AHMEDPUR BY PASS AHMEDPUR,29.14075,71.22519,4
110848,AL NASEER P/S,RAHIM YAR KHAN,BAHAWALPUR,BWP,PUNJAB,"KM# 690-691, KLP ROAD SARDAR",28.68846,70.41861,4
110857,AMIR NIAZI P/S,RAHIM YAR KHAN,RAHIM YAR KHAN,BWP,PUNJAB,NHA MOUZA CHANJI MQUATPUR,28.92729,70.70212,3
111075,RANDHAWA P/S,BAHAWALPUR,BAHAWALPUR,BWP,PUNJAB,CHOONA WALA TEHSIL  HASIL PUR FORTABAS,29.49402,72.66012,3
117380,NEW YAZMAN PETROLEUM SERVICE,YAZMAN,BAHAWALNAGAR,BWP,PUNJAB,AHMEDPUR ROAD HEAD RAJKHAN CHACK NO. 113/DNB BAHALWALPUR YAZMAN,29.10463,71.48523,3
119783,CHAUDHARY F/S,AHMEDPUR EAST,BAHAWALPUR,BWP,PUNJAB,KM 805-806 N-5 AHMEDPUR EAST MOUZA IMMAMU ARAIN BAHAWALPUR,29.17064,71.33816,5
118692,SHER SHAH PETROLEUM SERVICE,AHMEDPUR EAST,BAHAWALPUR,BWP,PUNJAB,KLP ROAD  ADDA BOARD TARANDAH MUHAMMAD PANAH BAHAWALPUR,29.11877,70.93478,3
111276,SOUTH P/S,VEHARI,VEHARI,BWP,PUNJAB,MOUZA FIDA VEHARI-MAILSI ROAD KM 37-38 IN TEHSIL MAILSI,29.79865,72.18598,4
111331,AL-MAKKA AGRIMAL,BAHAWALPUR,RAHIM YAR KHAN,BWP,PUNJAB,"MIANWALI QURESHIAN,",28.64309,70.36881,3
111751,RIZWAN AZM,BAHAWALPUR,BAHAWALPUR,BWP,PUNJAB,BASTI WALA BAHAWALPUR ROAD,29.30289,71.65423,3
113353,HUSNAIN P/S,BAHAWALPUR,BAHAWALPUR,BWP,PUNJAB,ON HASIL PUR CHISTIAN ROAD AT CHAK58/F,29.71486,72.62558,3
113647,HASSAN TARIQ P/S,VEHARI,BAHAWALPUR,BWP,PUNJAB,VEHARI KARAMPUR MAILSI ROAD,29.89416,72.33967,3
113875,NEW A-1 GAS STATION,BAHAWALPUR,BAHAWALPUR,BWP,PUNJAB,LODHRAN SHUJABAD ROAD AT MOUZA SIDHA GALIWALA,29.72768,71.46981,3
113967,REHMAT P/S,RAHIM YAR KHAN,RAHIM YAR KHAN,BWP,PUNJAB,KM 8-9 ON SHAHRA-E-SHAEIKH ZAID AT CHAK,28.38023,70.36873,2
114130,MOOSA F/S,BAHAWALPUR,BAHAWALPUR,BWP,PUNJAB,ON HASILPUR VEHARI ROAD,29.76072,72.55193,3
114266,ALI ABBAS P/S,BAHAWALPUR,BAHAWALPUR,BWP,PUNJAB,ON HEAD PUNJNAD ROAD UCH SHARIF,29.20023,71.04215,4
119763,AL - NOOR P/S,BAHAWALPUR,RAHIM YAR KHAN,BWP,PUNJAB,BY PASS SADIQABAD RAHIM YAR KHAN,28.31748,70.10131,4
114312,AKBAR P/S,RAHIM YAR KHAN,BAHAWALPUR,BWP,PUNJAB,NEAR COCO COLA FACTORY,28.43101,70.25585,4
117083,ATTA P S,KHANPUR,BAHAWALPUR,BWP,PUNJAB,ON KLP ROAD AT MOUZA GHANAIR ZAHIRPIR TEHSIL KHANPUR,28.81172,70.54829,4
114444,A & M P/S,BAHAWALPUR,RAHIM YAR KHAN,BWP,PUNJAB,492 SHAH ROAD RAHIM YAR KHAN,28.42736,70.32435,2
114445,WARRAICH P/S,BAHAWALPUR,RAHIM YAR KHAN,BWP,PUNJAB,ABBASIA ROAD LIAQUATPUR RAHIMYAR KHAN,28.931407,70.964627,3
114452,AL - SYED P/S,BAHAWALPUR,BAHAWALPUR,BWP,PUNJAB,MAILSI MULTAN ROAD AT MOUZA DEH,29.83101,72.13072,3
118022,AL SAUDIA PETROLEUM SERVICE,AHMEDPUR EAST,BAHAWALPUR,BWP,PUNJAB,0.8 KM FROM ABBASIA CHOWK MEHRABWALA  AHMED PUR EAST BHAWALPUR,29.14318044,71.28040034,3
114455,HASSAN F/S,BAHAWALPUR,BAHAWALPUR,BWP,PUNJAB,RAILWAY ROAD AHMED PUR EAST,29.14791,71.25681,3
114469,UMER ABBAS P/S,RAHIM YAR KHAN,RAHIM YAR KHAN,BWP,PUNJAB,ON SADIQ ABAD - MANTHAR ROAD AT MOUZA CHANDRANI TEHSIL SADIQABAD RAHIM YAR KHAN,28.28504,70.14055,3
114581,SITARA KAMARYAL P/S,BAHAWALPUR,BAHAWALPUR,BWP,PUNJAB,ON TRANDA MUHAMMAD PANHA HEAD PUNJNAD ROAD MAUZA RAJAR HOO BAHWALPUR,29.16066,70.99222,4
114582,SUPER AL - FAREED P/S,BAHAWALPUR,RAHIM YAR KHAN,BWP,PUNJAB,ON KHANPUR ZAHIRPIR ROAD RAHIMYAR KHAN BAHWALPUR,28.66137,70.63851,3
114587,ITTEHAD P/S,BAHAWALPUR,BAHAWALPUR,BWP,PUNJAB,ON RAHIMYAR KHAN KHAN PUR KOT SAMABAD RAHIM YAR KHAN,28.54391,70.46473,3
114687,LIBRA GAS STATION,LODHRAN,BAHAWALPUR,BWP,PUNJAB,BHAWALPUR MULTAN ROAD (N5) AT MAUZA ADAM WAHAN TEHSIL,29.45837,71.64186,4
114686,ROHI P/S,LODHRAN,LODHRAN,BWP,PUNJAB,MOUZA HAFIZ MUHAMMAD WALA LODHRAN JALAL PUR PIRWALA ROAD,29.46964,71.45271,3
114963,MOON CHEEMA F/S,SADIQABAD,RAHIM YAR KHAN,BWP,PUNJAB,SADIQABAD CITY  DISTRICT- RAHIM YAR KHAN,28.29994,70.09963,4
114964,ALI HAMZA P/S,AHMEDPUR EAST,BAHAWALPUR,BWP,PUNJAB,UCH SHARIF AHMED PUR EAST,29.23961,71.07185,4
115077,AL AZIZ P/S,SADIQABAD,RAHIM YAR KHAN,BWP,PUNJAB,SADIQABAD CITY  DISTRICT- RAHIM YAR KHAN,28.29551,70.12676,3
115229,NIAZ P/S,SADIQABAD,RAHIM YAR KHAN,BWP,PUNJAB,NATIONAL HIGHWAY (N-5) MAUZA KHUDA BAKHSH DAHAR RAHIM YAR KHAN,28.28046,70.04086,4
115295,ALI AKBAR F/S,AHMEDPUR EAST,BAHAWALPUR,BWP,PUNJAB,ON ALI PUR ROAD UCH SHARIF DIST- BAHAWALPUR ROAD,29.22765,71.05328,4
115345,FAHAD P/S,SADIQABAD,BAHAWALPUR,BWP,PUNJAB,SADIQABAD CITY DISTT RAHIM YAR KHAN,28.29089,70.12337,3
115375,AFZAL HAMDANI F/S,RAHIM YAR KHAN,BAHAWALPUR,BWP,PUNJAB,ON ABU DHABI ROAD MAUZA ALI AKBAR SANGI RAHIM YAR KHAN,28.39278,70.33272,6
115547,CITY GAS F/S,LODHRAN,LODHRAN,BWP,PUNJAB,KAROR PACCA ROAD LODHRAN,29.54506,71.64141,4
115822,ASAD GHAFFAR P/S,BAHAWALPUR,BAHAWALPUR,BWP,PUNJAB,JHANGHI WALA ROAD MAUZA DARWAISH MUHAMMAD BHAWALPUR,29.42024,71.75184,3
110142,KHALIDMAHMOOD & CO,BAHAWALPUR,BAHAWALPUR,BWP,PUNJAB,KHODWALA BANG-CHK68/DB BAHAWALPUR,29.17441,71.86427,2
116194,PRINCE P/S,SADIQABAD,BAHAWALPUR,BWP,PUNJAB,KLP ROAD MAHAL BAHADURPUR,28.44127,70.21853,3
116780,AL MAKKAH ONE P/S,RAHIM YAR KHAN,RAHIM YAR KHAN,BWP,PUNJAB,SHAHI ROAD LIAQUAT PUR,29.0181571,70.9742928,4
116806,IRFAN P S,AHMEDPUR EAST,BAHAWALPUR,BWP,PUNJAB,"GRAIN MARKET ROAD, AHMED PUR EAST",29.166916,71.257988,4
116938,AL NUSRAT P/S,RAHIMYAR KHAN,RAHIM YAR KHAN,BWP,PUNJAB,KHANPUR RAHIMYAR KHAN ROAD NEAR WAHI JAMMAN SHAH RAHIMYAR KHAN,28.5264,70.436151,3
116981,WARRIACH P S,AHMEDPUR EAST,BAHAWALPUR,BWP,PUNJAB,"CHAK NO. 44/DNB, TEHSIL YAZMAN",29.053323,71.368649,3
116998,QURESHI P S,BAHAWALPUR,BAHAWALPUR,BWP,PUNJAB,"(N-5) , MAUZA MEHMOOD ABAD AHMED PUR EAST DISTRICT BAHAWALPUR",29.102544,71.128405,4
117101,AL-ABBAS PETROLEUM SERVICE,DUNIA PUR,LODHRAN,BWP,PUNJAB,KHANEWAL- LODHRAN ROAD (N-5) CHAK NO. 28/M TEHSIL DUNYAPUR,29.71511,71.71044,4
120013,PSO S/S 89 (ZAHIRPIR NORTH),ZAHIR PIR,RAHIM YAR KHAN,BWP,PUNJAB,MOTOR WAY (M-5) SERVICE AREA RAHIM YAR KHAN ZAHIR PIR,28.922335,70.622736,8
120009,PSO S/S 90 (ZAHIRPIR SOUTH),ZAHIR PIR,RAHIM YAR KHAN,BWP,PUNJAB,MOTOR WAY (M-5) SERVICE AREA RAHIM YAR KHAN ZAHIR PIR,28.920229,70.624012,8
119376,AHMED PETROLEUM SERVICE2,RAHIMYARKHAN,RAHIM YAR KHAN,BWP,PUNJAB,RAILWLAY ROAD RAHIMYARKHAN,28.421078,70.301881,3
117444,HAIDER P S,RAHIMYARKHAN II,RAHIM YAR KHAN,BWP,PUNJAB,"GULSHAN IQBAL, SHAHI ROAD RAHIM YAR KHAN",28.4337,70.34338,3
117474,AL-HAMD FILLING STATION,RAHIMYARKHAN II,RAHIM YAR KHAN,BWP,PUNJAB,ALONG SIDE SADIQ CANAL CHAK NO. 111/P RAHIM YAR KHAN,28.415938,70.333487,4
117859,NEW AFRIDI FILLING STATION,LODHRAN,LODHRAN,BWP,PUNJAB,"LODHRAN - KHANEWAL ROAD, MAUZA RUKAN PUR, DISTRICT LODHRAN",29.6591467,71.6873017,4
118374,ROHI YAZMAN P S,YAZMAN,BAHAWALPUR,BWP,PUNJAB,"CHAK NO. 108/ DB, CHANDNI CHOWK DISTRICT BAHAWALPUR",29.5268336,71.6421015,5
118970,ALI HUSSAIN PETROLEUM SERVICE,UCH SHARIF,BAHAWALPUR,BWP,PUNJAB,"T.M.P - HEAD PUNJNAD ROAD ADJACENT M-4, UCH SHARIF INTERCHANGE BAHAWALPUR",29.2440841,71.0404325,4
119095,RAMZAN F/S,SADIQABAD,RAHIM YAR KHAN,BWP,PUNJAB,CHAK # 26/NP SADIQABAD-JAMALDIN WALI ROAD RAHIM YAR KHAN SADIQABAD,28.34692,70.10972,3
119099,DHA FILLING STATION,BAHAWALPUR,BAHAWALPUR,BWP,PUNJAB,MAIN BULEVARD ROUND ABOUT DHA BAHAWALPUR,29.32777,71.67826,4
119113,GHAUS BASHIR P S,SADIQABAD,RAHIM YAR KHAN,BWP,PUNJAB,MAUZA JAMAL DEEN WALI TEHSIL SADIQABAD DISTRICT RAHIM YAR KHAN SADIQABAD,28.500328,70.057595,3
119129,TAHSEEN FOUR PETROLEUM SERVICE,MATILA CHOWK,VEHARI,BWP,PUNJAB,TIBA SULTAN PUR MULTAN-VEHARI ROAD VEHARI MATILA CHOWK,29.99312,71.844726,4
119383,GORAYA PS,BAHAWALPUR,BAHAWALPUR,BWP,PUNJAB,SAMASATA ROAD GHANIPUR RAILWAY STATION BAHAWALPUR,29.39478,71.63761,3
